{"Models":[{"Description":"aaaaaaaaa","DrainParameter":[{"Description":"Height of Rectangular Potential Barrier","Max":10.0,"Min":0.0,"Name":"E_B","Unit":"eV"},{"Description":"Fermi Energy","Max":10.0,"Min":0.0,"Name":"E_f","Unit":"eV"},{"Description":"Max Electron Energy","Max":10.0,"Min":0.0,"Name":"E_Min","Unit":"eV"},{"Description":"Min Electron Energy","Max":10.0,"Min":0.0,"Name":"E_Max","Unit":"eV"},{"Description":"Energy Gap of Simulation","Max":1.0,"Min":0.0,"Name":"Delta_E","Unit":"eV"}],"Name":"RectangularPotentialBarrier","ResultCurrentUnit":"A","ResultEnergyUnit":"J","ResultPositionUnit":"m","SourceParameter":[{"Description":"Height of Rectangular Potential Barrier","Max":10.0,"Min":0.0,"Name":"E_B","Unit":"eV"},{"Description":"Fermi Energy","Max":10.0,"Min":0.0,"Name":"E_f","Unit":"eV"},{"Description":"Max Electron Energy","Max":10.0,"Min":0.0,"Name":"E_Min","Unit":"eV"},{"Description":"Min Electron Energy","Max":10.0,"Min":0.0,"Name":"E_Max","Unit":"eV"},{"Description":"Energy Gap of Simulation","Max":1.0,"Min":0.0,"Name":"Delta_E","Unit":"eV"}]}]}